{"cameraMode":{"drawMode":0,"name":"Shaded","section":"Shading Mode"},"sceneLighting":false,"audioPlay":false,"sceneViewState":{"showFog":true,"showMaterialUpdate":false,"showSkybox":true,"showFlares":true,"showImageEffects":true,"showParticleSystems":true},"in2DMode":false,"pivot":{"x":-8.351000785827637,"y":-0.12067711353302002,"z":0.0000045299530029296879},"rotation":{"x":-0.00043684488628059626,"y":0.996850311756134,"z":-0.0053781550377607349,"w":-0.07912228256464005},"size":13.336827278137207,"orthographic":true}