{"cameraMode":{"drawMode":0,"name":"Shaded","section":"Shading Mode"},"sceneLighting":false,"audioPlay":false,"sceneViewState":{"showFog":true,"showMaterialUpdate":false,"showSkybox":true,"showFlares":true,"showImageEffects":true,"showParticleSystems":true},"in2DMode":false,"pivot":{"x":-4.174973011016846,"y":2.499999761581421,"z":7.231264591217041},"rotation":{"x":0.6207934617996216,"y":0.31583359837532046,"z":-0.30103611946105959,"w":0.6513386368751526},"size":15.407164573669434,"orthographic":true}