{"cameraMode":{"drawMode":0,"name":"Shaded","section":"Shading Mode"},"sceneLighting":true,"audioPlay":false,"sceneViewState":{"showFog":true,"showMaterialUpdate":false,"showSkybox":true,"showFlares":true,"showImageEffects":true,"showParticleSystems":true},"in2DMode":false,"pivot":{"x":5.663753509521484,"y":8.474384307861329,"z":-2.4310379028320314},"rotation":{"x":0.43484577536582949,"y":-0.11533825844526291,"z":0.0562601238489151,"w":0.8913142085075378},"size":52.788448333740237,"orthographic":true}